streetAddress,addressLocality,postalCode
111 N Main Street,Aberdeen,83210
253 Harrison St,American Falls,83211
157 W Grand Avenue,Arco,83213
177 Main Street,Ashton,83420
747 N. Main St.,Bellevue,83313
67 Sw Main St,Blackfoot,83221
2901 W State St.,Boise,83702
415 Broadway Ave S,Buhl,83316
1408 Overland Ave,Burley,83318
2402 E Linden St,Caldwell,83605
340 N Main Street,Cascade,83611
780 South Us Highway 93,Challis,83226
120 W Chubbuck,Chubbuck,83202
170 S Main St.,Driggs,83422
135 S Washington Ave,Emmett,83617
505 Highway 30,Filer,83328
221 West Legacy Drive,Franklin,83237
825 E. 1st Ave.,Glenns Ferry,83623
1902 State Highway 46,Gooding,83330
370 South East Street,Grangeville,83530
330 W Idaho Ave,Homedale,83628
145 N Woodruff Ave,Idaho Falls,83401
1015 S Lincoln Ave,Jerome,83338
1541 Main St. N,Kimberly,83341
349 E Avalon St,Kuna,83634
255 E. 50th S,Malad City,83252
150 Main Street,Marsing,83639
507 Center,Mccammon,83250
206 E. Main Street,Middleton,83644
130 N 4th Street,Montpelier,83254
204 11th Avenue N,Nampa,83687
301 Virginia Street,New Meadows,83654
12978 Hwy 12,Orofino,83544
411 E Grove Avenue,Parma,83660
1244 16th St.,Payette,83661
1433 N Main St,Pocatello,83204
197 S State St,Preston,83263
247 S State St,Rigby,83442
4269 E County Line Road,Ririe,83443
311 F St,Rupert,83350
1315 Main Street,Salmon,83467
560 S State St,Shelley,83274
910 S Greenwood Street,Shoshone,83352
156 E 2nd St,Soda Springs,83276
100 West 2nd North,St Anthony,83445
1746 Addison Ave E,Twin Falls,83301
512 E 7th St,Weiser,83672
597 S Idaho St,Wendell,83355
